student_id,student_name,grade,class,region,homework_submitted,quiz_score,quiz_date,submission_date
1,Aarav,9,B,North,Yes,51,2025-01-31,2025-01-22
2,Diya,6,A,South,Yes,52,2025-02-21,2025-01-14
3,Rohan,6,A,West,No,55,2025-02-08,2025-02-25
4,Sara,6,B,South,Yes,69,2025-01-07,2025-02-21
5,Meera,7,B,West,No,87,2025-02-02,2025-02-07
6,Kabir,6,A,South,No,45,2025-01-02,2025-02-17
7,Ishaan,6,A,North,No,36,2025-02-25,2025-01-31
8,Aisha,8,B,East,No,61,2025-02-22,2025-01-04
9,Vivaan,7,B,North,Yes,38,2025-01-22,2025-01-05
10,Anaya,6,B,East,No,99,2025-02-10,2025-01-20
11,Arjun,9,A,South,Yes,41,2025-01-08,2025-01-16
12,Kavya,7,B,East,No,24,2025-02-16,2025-01-01
13,Priya,7,B,West,No,94,2025-01-29,2025-01-15
14,Rahul,9,B,North,Yes,99,2025-02-01,2025-01-03
15,Sneha,8,B,North,No,39,2025-02-08,2025-02-21
16,Yuvan,6,B,North,No,93,2025-02-01,2025-02-08
17,Myra,9,B,North,No,95,2025-02-03,2025-02-26
18,Reyansh,9,B,West,No,47,2025-01-04,2025-01-26
19,Zara,9,A,East,Yes,68,2025-01-16,2025-01-27
20,Advik,9,A,East,No,32,2025-01-17,2025-02-19
21,Riya,8,B,North,Yes,21,2025-01-11,2025-01-22
22,Krish,9,A,South,Yes,57,2025-02-16,2025-02-21
23,Tara,8,A,West,Yes,95,2025-01-29,2025-02-14
24,Om,8,A,North,No,98,2025-01-10,2025-02-09
25,Naina,8,A,North,Yes,32,2025-02-08,2025-01-24
26,Atharv,7,A,North,Yes,49,2025-01-17,2025-02-22
27,Sia,9,A,East,Yes,64,2025-01-15,2025-01-24
28,Arnav,8,A,West,Yes,86,2025-01-17,2025-01-04
29,Lavanya,7,A,East,No,75,2025-01-20,2025-02-26
30,Dev,8,A,South,Yes,42,2025-01-03,2025-01-27
